imageName,time,pa_f,pb_f,pr_f
Img000326.jpg,0.03879284858703613,16,2,1
Img000530.jpg,0.021206140518188477,34,0,0
Img000145.jpg,0.016363859176635742,10,0,0
Img000725.jpg,0.015866994857788086,36,0,1
Img000092.jpg,0.01599597930908203,16,0,0
Img001135.jpg,0.0163571834564209,45,0,0
Img000272.jpg,0.015539407730102539,18,0,0
Img000994.jpg,0.017587900161743164,54,0,1
Img000571.jpg,0.015851259231567383,31,0,0
Img000556.jpg,0.016316652297973633,37,0,0
Img000835.jpg,0.017227649688720703,42,2,0
Img000190.jpg,0.016968727111816406,15,0,0
Img000608.jpg,0.016492605209350586,30,0,2
Img000515.jpg,0.01856398582458496,41,0,0
Img000864.jpg,0.018100976943969727,41,1,0
Img000191.jpg,0.016567468643188477,18,0,0
Img000868.jpg,0.0187530517578125,45,1,0
Img000627.jpg,0.017283916473388672,26,0,2
Img000993.jpg,0.017666339874267578,49,0,1
Img000342.jpg,0.01567816734313965,20,2,0
Img000228.jpg,0.015551567077636719,11,0,0
Img000391.jpg,0.017380237579345703,29,0,0
Img000648.jpg,0.016112089157104492,36,0,1
Img001111.jpg,0.016685009002685547,53,0,0
Img000496.jpg,0.01585555076599121,48,0,0
Img000948.jpg,0.016229867935180664,35,0,1
Img000708.jpg,0.015920162200927734,29,0,0
Img000060.jpg,0.017009496688842773,11,0,0
Img000795.jpg,0.01991724967956543,32,2,1
Img000719.jpg,0.016121864318847656,37,0,0
Img000809.jpg,0.015938997268676758,30,2,1
Img000423.jpg,0.016010761260986328,26,0,1
Img000978.jpg,0.01646709442138672,42,0,1
Img001000.jpg,0.016544818878173828,47,0,1
Img000759.jpg,0.01641845703125,35,0,1
Img000544.jpg,0.01602482795715332,37,0,0
Img000633.jpg,0.016510725021362305,30,0,2
Img000705.jpg,0.016414403915405273,32,0,0
Img001061.jpg,0.017195463180541992,55,0,0
Img000012.jpg,0.015938282012939453,10,0,0
Img000833.jpg,0.016037702560424805,40,2,0
Img001044.jpg,0.01692962646484375,55,0,1
Img000512.jpg,0.016208410263061523,40,0,0
Img000662.jpg,0.01826953887939453,41,0,0
Img000812.jpg,0.016436338424682617,31,2,1
Img000378.jpg,0.01698446273803711,28,0,0
Img000344.jpg,0.0160520076751709,19,2,0
Img000576.jpg,0.016593456268310547,32,0,0
Img000270.jpg,0.01563096046447754,17,0,1
Img000893.jpg,0.01687145233154297,46,0,0
Img000150.jpg,0.016895055770874023,14,0,1
Img000984.jpg,0.01672673225402832,48,0,1
Img000094.jpg,0.017179250717163086,12,0,0
Img000356.jpg,0.015836715698242188,24,2,0
Img000997.jpg,0.016822099685668945,52,0,1
Img000692.jpg,0.016391515731811523,38,0,0
Img000687.jpg,0.015815019607543945,37,0,0
Img000102.jpg,0.015644550323486328,18,0,0
Img000056.jpg,0.0171658992767334,10,0,0
Img000881.jpg,0.016472578048706055,45,1,0
Img000433.jpg,0.015892982482910156,33,0,1
Img000932.jpg,0.016788482666015625,45,0,0
Img000760.jpg,0.015857696533203125,33,0,1
Img001134.jpg,0.01624011993408203,48,0,0
Img000473.jpg,0.016722440719604492,38,0,1
Img000775.jpg,0.0161135196685791,32,1,1
Img000406.jpg,0.017838716506958008,33,0,0
Img000546.jpg,0.017457962036132812,29,0,0
Img000259.jpg,0.015578508377075195,18,1,0
Img000204.jpg,0.017023801803588867,15,0,0
Img000600.jpg,0.01781606674194336,31,0,3
Img000335.jpg,0.016724348068237305,18,2,0
Img001205.jpg,0.018351078033447266,52,0,0
Img001050.jpg,0.01866912841796875,51,0,1
Img000553.jpg,0.015920162200927734,37,0,0
Img001001.jpg,0.01674032211303711,53,0,1
Img000853.jpg,0.01671123504638672,44,1,0
Img000086.jpg,0.01597452163696289,10,0,0
Img000640.jpg,0.016043424606323242,29,0,2
Img000385.jpg,0.017309188842773438,33,0,0
Img000704.jpg,0.016346454620361328,30,0,0
Img000637.jpg,0.015355825424194336,34,0,2
Img000067.jpg,0.0182492733001709,12,0,0
Img000780.jpg,0.016543865203857422,36,1,1
Img000414.jpg,0.015787363052368164,32,0,0
Img000683.jpg,0.016944408416748047,32,0,0
Img000211.jpg,0.01652812957763672,14,0,0
Img001022.jpg,0.016170024871826172,42,0,1
Img000956.jpg,0.017134428024291992,45,0,1
Img000052.jpg,0.01610255241394043,6,0,2
Img000924.jpg,0.0160980224609375,47,0,0
Img000474.jpg,0.01800251007080078,39,0,1
Img000386.jpg,0.015393733978271484,30,0,0
Img000602.jpg,0.016005516052246094,34,0,2
Img000751.jpg,0.01776909828186035,33,0,1
Img000321.jpg,0.015431642532348633,16,2,1
Img001163.jpg,0.01648426055908203,46,0,0
Img000985.jpg,0.01603841781616211,44,0,1
Img000164.jpg,0.016479015350341797,27,0,0
Img000035.jpg,0.015308618545532227,9,1,0
Img000522.jpg,0.017653465270996094,36,0,0
Img000784.jpg,0.01697087287902832,34,2,1
Img000422.jpg,0.016325950622558594,28,0,1
Img000999.jpg,0.016319751739501953,54,0,1
Img001131.jpg,0.0162503719329834,46,0,0
Img001188.jpg,0.01622939109802246,42,0,0
Img001082.jpg,0.017989635467529297,49,0,0
Img000480.jpg,0.016333580017089844,43,0,0
Img000626.jpg,0.015961408615112305,26,0,2
Img000716.jpg,0.01770925521850586,33,0,0
Img000339.jpg,0.016765117645263672,17,2,0
Img000176.jpg,0.015683412551879883,23,0,0
Img000418.jpg,0.016855239868164062,29,0,0
Img000013.jpg,0.01606011390686035,12,0,0
Img000793.jpg,0.015687942504882812,30,2,1
Img001034.jpg,0.0180661678314209,53,0,1
Img000127.jpg,0.015576839447021484,14,0,0
Img000936.jpg,0.015983104705810547,47,0,1
Img000283.jpg,0.015996694564819336,18,0,1
Img000436.jpg,0.015890836715698242,33,0,1
Img000023.jpg,0.01603412628173828,10,0,0
Img000121.jpg,0.016480684280395508,13,0,0
Img000800.jpg,0.01712632179260254,36,2,1
Img001067.jpg,0.01691436767578125,50,0,0
Img000065.jpg,0.01578807830810547,12,0,0
Img000841.jpg,0.017041444778442383,39,2,0
Img000938.jpg,0.016621828079223633,41,0,1
Img001089.jpg,0.015488624572753906,56,0,0
Img000160.jpg,0.01726078987121582,23,0,1
Img000915.jpg,0.016550779342651367,50,0,0
Img000177.jpg,0.01616954803466797,19,0,0
Img001023.jpg,0.016732454299926758,44,0,1
Img000619.jpg,0.016403675079345703,25,0,1
Img000369.jpg,0.016385316848754883,28,0,0
Img000699.jpg,0.016919374465942383,34,0,0
Img001128.jpg,0.01718759536743164,41,0,0
Img000741.jpg,0.01856231689453125,33,0,1
Img000889.jpg,0.016385793685913086,52,1,0
Img000992.jpg,0.016522884368896484,50,0,1
Img000173.jpg,0.016369342803955078,26,0,0
Img001083.jpg,0.01742267608642578,51,0,0
Img001088.jpg,0.021367788314819336,53,0,0
Img000703.jpg,0.015205621719360352,32,0,0
Img000764.jpg,0.016168832778930664,27,1,1
Img000365.jpg,0.016810178756713867,28,1,0
Img000825.jpg,0.016327381134033203,39,2,0
Img001199.jpg,0.016694068908691406,59,0,0
Img001007.jpg,0.01624274253845215,47,0,1
Img000819.jpg,0.0159909725189209,36,2,0
Img001183.jpg,0.016989707946777344,46,0,0
Img000961.jpg,0.016191482543945312,41,0,1
Img001191.jpg,0.016294002532958984,47,0,0
Img000721.jpg,0.01859593391418457,40,0,0
Img001198.jpg,0.01603841781616211,53,0,0
Img000207.jpg,0.017449617385864258,15,0,0
Img000318.jpg,0.015897274017333984,20,1,1
Img000375.jpg,0.01610565185546875,33,0,0
Img000358.jpg,0.01564955711364746,20,2,0
Img000756.jpg,0.016969680786132812,34,0,1
Img001185.jpg,0.01572728157043457,43,0,0
Img000585.jpg,0.0162961483001709,30,0,1
Img000645.jpg,0.017678499221801758,35,0,1
Img000885.jpg,0.016600608825683594,44,1,0
Img000622.jpg,0.016062021255493164,25,0,1
Img000488.jpg,0.016946077346801758,44,0,0
Img000353.jpg,0.015749216079711914,26,2,0
Img001008.jpg,0.01583266258239746,45,0,1
Img000185.jpg,0.017618894577026367,22,0,0
Img000243.jpg,0.015592336654663086,13,1,0
Img000309.jpg,0.01597309112548828,18,0,2
Img001086.jpg,0.0181581974029541,55,0,0
Img000341.jpg,0.016741514205932617,22,2,0
Img000817.jpg,0.01671767234802246,33,2,0
Img000644.jpg,0.01664447784423828,33,0,1
Img000394.jpg,0.01689291000366211,31,0,0
Img000510.jpg,0.018223047256469727,47,0,0
Img001115.jpg,0.01597881317138672,47,0,0
Img001171.jpg,0.016266584396362305,43,0,0
Img001073.jpg,0.017369508743286133,57,0,0
Img000855.jpg,0.01568460464477539,42,1,0
Img000563.jpg,0.01582932472229004,32,0,0
Img000197.jpg,0.01799154281616211,15,0,0
Img000526.jpg,0.016035795211791992,36,0,0
Img000437.jpg,0.01600813865661621,33,0,1
Img000452.jpg,0.0177462100982666,39,0,1
Img000542.jpg,0.01619696617126465,30,0,0
Img000554.jpg,0.015905380249023438,42,0,0
Img000338.jpg,0.016409873962402344,18,2,0
Img000965.jpg,0.016031980514526367,42,0,1
Img000986.jpg,0.016304969787597656,46,0,1
Img001180.jpg,0.01790022850036621,48,0,0
Img000036.jpg,0.015972375869750977,6,1,0
Img000862.jpg,0.016004562377929688,45,1,0
Img001048.jpg,0.01673269271850586,54,0,1
Img001150.jpg,0.015671491622924805,48,0,0
Img001013.jpg,0.01594853401184082,52,0,1
Img001072.jpg,0.018217086791992188,58,0,0
Img000895.jpg,0.01706218719482422,47,0,0
Img000508.jpg,0.018225669860839844,44,0,0
Img000403.jpg,0.017400026321411133,27,0,0
Img000805.jpg,0.016866683959960938,31,2,1
Img001140.jpg,0.01666855812072754,45,0,0
Img000199.jpg,0.01679062843322754,15,0,0
Img001035.jpg,0.017705917358398438,56,0,1
Img000689.jpg,0.017444610595703125,34,0,0
Img000016.jpg,0.021492958068847656,11,0,0
Img000682.jpg,0.017226219177246094,36,0,0
Img000026.jpg,0.016233444213867188,7,0,0
Img000083.jpg,0.016518115997314453,12,0,0
Img000494.jpg,0.01778697967529297,47,0,0
Img000788.jpg,0.020380258560180664,32,2,1
Img000605.jpg,0.016731739044189453,35,0,2
Img000578.jpg,0.01752018928527832,31,0,0
Img000168.jpg,0.016695737838745117,26,0,0
Img000767.jpg,0.017125606536865234,28,1,1
Img000384.jpg,0.016911745071411133,33,0,0
Img001156.jpg,0.019294261932373047,50,0,0
Img000728.jpg,0.02009415626525879,34,0,1
Img001179.jpg,0.017213106155395508,45,0,0
Img000467.jpg,0.017691373825073242,35,0,1
Img001167.jpg,0.016653776168823242,49,0,0
Img000709.jpg,0.016825437545776367,31,0,0
Img000114.jpg,0.01783275604248047,12,0,0
Img000156.jpg,0.016484975814819336,19,0,1
Img001081.jpg,0.01677107810974121,48,0,0
Img001049.jpg,0.016916275024414062,52,0,1
Img000989.jpg,0.016930580139160156,50,0,1
Img000590.jpg,0.016096115112304688,28,0,2
Img001155.jpg,0.01673412322998047,46,0,0
Img000769.jpg,0.01641988754272461,31,1,1
Img000975.jpg,0.016259431838989258,47,0,1
Img000583.jpg,0.016260385513305664,27,0,1
Img000104.jpg,0.015429973602294922,18,0,0
Img000099.jpg,0.016263246536254883,17,0,0
Img001122.jpg,0.016941308975219727,56,0,0
Img001186.jpg,0.01670670509338379,47,0,0
Img000681.jpg,0.015525341033935547,34,0,0
Img000155.jpg,0.016620635986328125,20,0,1
Img001161.jpg,0.016357898712158203,45,0,0
Img000684.jpg,0.01594829559326172,35,0,0
Img000891.jpg,0.016766071319580078,50,0,0
Img001025.jpg,0.016541004180908203,46,0,1
Img001011.jpg,0.01670670509338379,48,0,1
Img000108.jpg,0.015927553176879883,15,0,0
Img000120.jpg,0.01591038703918457,16,0,0
Img000876.jpg,0.015984535217285156,40,1,0
Img000374.jpg,0.015872478485107422,32,0,0
Img000865.jpg,0.01628875732421875,41,1,0
Img000323.jpg,0.016096830368041992,15,2,1
Img000319.jpg,0.016150712966918945,15,1,1
Img000983.jpg,0.016445159912109375,41,0,1
Img000401.jpg,0.016322612762451172,27,0,0
Img000279.jpg,0.015764474868774414,17,0,1
Img000296.jpg,0.016192197799682617,21,0,2
Img000237.jpg,0.016544580459594727,14,1,0
Img000439.jpg,0.016985416412353516,40,0,1
Img000979.jpg,0.016145706176757812,39,0,1
Img001090.jpg,0.017657995223999023,57,0,0
Img001047.jpg,0.016180992126464844,57,0,1
Img000170.jpg,0.015293359756469727,21,0,0
Img000700.jpg,0.016592979431152344,33,0,0
Img000080.jpg,0.015222311019897461,15,0,0
Img000830.jpg,0.0168912410736084,41,2,0
Img001039.jpg,0.01596665382385254,50,0,1
Img000762.jpg,0.01592874526977539,32,1,1
Img000254.jpg,0.01636672019958496,18,1,0
Img000568.jpg,0.01573920249938965,29,0,0
Img000649.jpg,0.016978740692138672,35,0,1
Img001030.jpg,0.018224477767944336,49,0,1
Img000027.jpg,0.01696491241455078,7,0,0
Img000109.jpg,0.01556849479675293,15,0,0
Img000537.jpg,0.017304420471191406,30,0,0
Img000688.jpg,0.018040895462036133,31,0,0
Img001193.jpg,0.016495943069458008,51,0,0
Img001143.jpg,0.016267776489257812,49,0,0
Img000624.jpg,0.01670551300048828,28,0,2
Img000379.jpg,0.016299962997436523,31,0,0
Img000580.jpg,0.016216516494750977,28,0,1
Img000521.jpg,0.01721358299255371,40,0,0
Img000159.jpg,0.016393661499023438,25,0,1
Img000772.jpg,0.01627945899963379,36,1,1
Img000360.jpg,0.016435623168945312,19,2,0
Img001068.jpg,0.017403602600097656,49,0,0
Img000926.jpg,0.017040491104125977,41,0,0
Img000112.jpg,0.016870975494384766,16,0,0
Img000481.jpg,0.016683101654052734,45,0,0
Img000021.jpg,0.016046762466430664,16,0,0
Img000550.jpg,0.015845775604248047,32,0,0
Img001058.jpg,0.01679372787475586,61,0,0
Img000447.jpg,0.01717090606689453,38,0,1
Img000707.jpg,0.015872716903686523,35,0,0
Img000953.jpg,0.016649723052978516,36,0,1
Img000927.jpg,0.01744222640991211,45,0,0
Img001027.jpg,0.0160524845123291,48,0,1
Img000595.jpg,0.017053842544555664,32,0,2
Img000011.jpg,0.016754865646362305,11,0,0
Img000575.jpg,0.017221927642822266,30,0,0
Img000020.jpg,0.015592813491821289,13,0,0
Img001006.jpg,0.016963481903076172,46,0,1
Img001108.jpg,0.016979694366455078,56,0,0
Img000513.jpg,0.015963077545166016,42,0,0
Img001092.jpg,0.015735864639282227,50,0,0
Img000892.jpg,0.0185544490814209,49,0,0
Img000720.jpg,0.016416549682617188,39,0,0
Img000493.jpg,0.015563249588012695,40,0,0
Img000113.jpg,0.016791105270385742,15,0,0
Img000115.jpg,0.01633596420288086,14,0,0
Img000617.jpg,0.01689910888671875,27,0,2
Img000549.jpg,0.015994787216186523,31,0,0
Img000534.jpg,0.016428232192993164,34,0,0
Img000253.jpg,0.016464948654174805,18,1,0
Img000582.jpg,0.01656484603881836,30,0,1
Img000405.jpg,0.016770124435424805,30,0,0
Img001069.jpg,0.016268253326416016,56,0,0
Img000144.jpg,0.01723170280456543,10,0,0
Img000256.jpg,0.01638340950012207,16,1,0
Img000899.jpg,0.017185688018798828,47,0,0
Img000538.jpg,0.016115427017211914,32,0,0
Img001120.jpg,0.01642322540283203,53,0,0
Img001133.jpg,0.015606164932250977,44,0,0
Img000043.jpg,0.0164644718170166,3,1,2
Img000337.jpg,0.0157625675201416,18,2,0
Img000072.jpg,0.01729726791381836,12,0,0
Img000248.jpg,0.016407251358032227,15,1,0
Img000904.jpg,0.016685962677001953,51,0,0
Img000334.jpg,0.015691041946411133,17,2,1
Img000527.jpg,0.016237497329711914,37,0,0
Img000514.jpg,0.01657700538635254,38,0,0
Img000271.jpg,0.016312599182128906,17,0,1
Img001084.jpg,0.01812887191772461,46,0,0
Img000815.jpg,0.016568660736083984,34,2,1
Img000328.jpg,0.01648998260498047,17,2,1
Img000431.jpg,0.01655101776123047,34,0,1
Img000410.jpg,0.016463756561279297,35,0,0
Img000879.jpg,0.017273902893066406,46,1,0
Img000214.jpg,0.015499591827392578,12,0,0
Img000734.jpg,0.015995264053344727,36,0,1
Img000658.jpg,0.01573634147644043,40,0,0
Img000320.jpg,0.016112804412841797,16,1,1
Img000826.jpg,0.016289472579956055,34,2,0
Img000139.jpg,0.016509532928466797,9,0,0
Img000888.jpg,0.016904115676879883,45,1,0
Img000193.jpg,0.01617264747619629,14,0,0
Img000455.jpg,0.016986370086669922,37,0,1
Img000131.jpg,0.016333818435668945,12,0,0
Img000025.jpg,0.016186237335205078,7,0,0
Img000289.jpg,0.01642155647277832,19,0,2
Img000412.jpg,0.016588926315307617,30,0,0
Img000367.jpg,0.01488494873046875,30,0,0
Img000404.jpg,0.015566587448120117,30,0,0
Img000133.jpg,0.015349626541137695,11,0,0
Img000143.jpg,0.01703357696533203,11,0,0
Img000665.jpg,0.016353845596313477,37,0,0
Img000660.jpg,0.015993833541870117,40,0,0
Img001149.jpg,0.019155502319335938,41,0,0
Img000310.jpg,0.017118215560913086,17,0,2
Img001208.jpg,0.01704859733581543,54,0,0
Img000990.jpg,0.01633310317993164,50,0,1
Img000240.jpg,0.0162506103515625,15,1,0
Img001138.jpg,0.01578974723815918,52,0,0
Img001153.jpg,0.015437126159667969,50,0,0
Img000914.jpg,0.016489267349243164,49,0,0
Img000960.jpg,0.01726555824279785,41,0,1
Img000559.jpg,0.01720118522644043,35,0,0
Img001178.jpg,0.020305871963500977,46,0,0
Img000504.jpg,0.016353130340576172,42,0,0
Img001099.jpg,0.01594686508178711,42,0,0
Img000490.jpg,0.01735210418701172,44,0,0
Img000471.jpg,0.015854597091674805,37,0,1
Img000260.jpg,0.015138864517211914,20,1,0
Img000125.jpg,0.016805648803710938,20,0,0
Img000117.jpg,0.016553878784179688,11,0,0
Img000223.jpg,0.016203880310058594,14,0,0
Img000987.jpg,0.0187532901763916,44,0,1
Img001146.jpg,0.017014265060424805,50,0,0
Img000718.jpg,0.015839576721191406,39,0,0
Img000251.jpg,0.016675472259521484,17,1,0
Img001078.jpg,0.015726804733276367,48,0,0
Img000952.jpg,0.016535282135009766,36,0,1
Img000861.jpg,0.01683330535888672,41,1,0
Img000377.jpg,0.015736103057861328,35,0,0
Img000233.jpg,0.01611781120300293,13,1,0
Img000781.jpg,0.017742395401000977,38,2,1
Img000666.jpg,0.018885374069213867,39,0,0
Img000198.jpg,0.01803874969482422,16,0,0
Img000071.jpg,0.016092538833618164,12,0,0
Img000852.jpg,0.01576995849609375,43,2,0
Img000110.jpg,0.016974925994873047,15,0,0
Img000517.jpg,0.016127824783325195,37,0,0
Img001125.jpg,0.01679253578186035,51,0,0
Img001041.jpg,0.017101764678955078,50,0,1
Img000594.jpg,0.016529560089111328,28,0,2
Img001112.jpg,0.016925334930419922,51,0,0
Img001016.jpg,0.0171811580657959,57,0,1
Img000327.jpg,0.017897605895996094,21,2,1
Img000738.jpg,0.015778303146362305,34,0,1
Img000178.jpg,0.017186403274536133,22,0,0
Img000277.jpg,0.0172116756439209,18,0,0
Img000696.jpg,0.016516923904418945,40,0,0
Img000998.jpg,0.01615595817565918,51,0,1
Img000006.jpg,0.016406536102294922,17,0,0
Img000674.jpg,0.016496896743774414,38,0,0
Img000182.jpg,0.0168302059173584,17,0,0
Img000930.jpg,0.017371416091918945,42,0,0
Img001148.jpg,0.017396926879882812,45,0,0
Img000773.jpg,0.016177654266357422,30,1,1
Img000808.jpg,0.016037702560424805,31,2,1
Img000355.jpg,0.0167386531829834,24,2,0
Img000031.jpg,0.015308856964111328,10,0,0
Img000398.jpg,0.01639246940612793,28,0,0
Img000225.jpg,0.0167086124420166,13,0,0
Img000330.jpg,0.017178058624267578,15,2,1
Img000757.jpg,0.01790904998779297,33,0,1
Img001121.jpg,0.017161846160888672,48,0,0
Img001181.jpg,0.016266345977783203,44,0,0
Img000850.jpg,0.016968965530395508,46,2,0
Img000325.jpg,0.01593613624572754,15,2,1
Img000787.jpg,0.015692472457885742,29,2,1
Img000415.jpg,0.01668691635131836,35,0,0
Img000239.jpg,0.015171527862548828,13,1,0
Img000257.jpg,0.016077756881713867,18,1,0
Img000458.jpg,0.01605224609375,35,0,1
Img000166.jpg,0.017421960830688477,25,0,0
Img001113.jpg,0.016728639602661133,50,0,0
Img000933.jpg,0.01633763313293457,41,0,0
Img000220.jpg,0.014533758163452148,14,0,0
Img001201.jpg,0.015307426452636719,50,0,0
Img000988.jpg,0.016711711883544922,49,0,1
Img000785.jpg,0.0173797607421875,29,2,1
Img000824.jpg,0.016437053680419922,32,2,0
Img000373.jpg,0.01751255989074707,33,0,0
Img000593.jpg,0.017276763916015625,29,0,2
Img000305.jpg,0.016609907150268555,17,0,2
Img000267.jpg,0.01728034019470215,18,1,0
Img000180.jpg,0.01549077033996582,18,0,0
Img000937.jpg,0.015593290328979492,44,0,1
Img000466.jpg,0.01621222496032715,35,0,1
Img000717.jpg,0.015747785568237305,35,0,0
Img000393.jpg,0.016281843185424805,30,0,0
Img001091.jpg,0.016787052154541016,50,0,0
Img000635.jpg,0.017629146575927734,31,0,2
Img000673.jpg,0.018781423568725586,40,0,0
Img000038.jpg,0.02332019805908203,5,1,1
Img000962.jpg,0.019688129425048828,42,0,1
Img000577.jpg,0.018048524856567383,30,0,0
Img000653.jpg,0.019197463989257812,37,0,1
Img000093.jpg,0.016746997833251953,14,0,0
Img000397.jpg,0.018730878829956055,29,0,0
Img000789.jpg,0.019267559051513672,27,2,1
Img000158.jpg,0.0179290771484375,20,0,1
Img000898.jpg,0.017408370971679688,54,0,0
Img000069.jpg,0.018363475799560547,12,0,0
Img001175.jpg,0.01946735382080078,43,0,0
Img000275.jpg,0.018288850784301758,20,0,1
Img000529.jpg,0.0158541202545166,40,0,0
Img000154.jpg,0.016331911087036133,20,0,1
Img000354.jpg,0.016067028045654297,23,2,0
Img000286.jpg,0.0160520076751709,20,0,2
Img000141.jpg,0.015776395797729492,10,0,0
Img000592.jpg,0.01687169075012207,28,0,2
Img000609.jpg,0.016208648681640625,31,0,2
Img000910.jpg,0.01614832878112793,50,0,0
Img000273.jpg,0.017052888870239258,19,0,1
Img000641.jpg,0.016766786575317383,35,0,2
Img000276.jpg,0.01705193519592285,17,0,1
Img000834.jpg,0.01798844337463379,42,2,0
Img000111.jpg,0.016876220703125,13,0,0
Img000829.jpg,0.015462636947631836,39,2,0
Img000783.jpg,0.016609668731689453,33,2,1
Img001144.jpg,0.016092300415039062,48,0,0
Img001173.jpg,0.015370607376098633,40,0,0
Img000561.jpg,0.01730179786682129,34,0,0
Img001154.jpg,0.016175508499145508,57,0,0
Img000925.jpg,0.01580023765563965,49,0,0
Img000678.jpg,0.01611018180847168,36,0,0
Img001164.jpg,0.017518281936645508,47,0,0
Img000564.jpg,0.016389846801757812,31,0,0
Img001141.jpg,0.017006397247314453,49,0,0
Img000629.jpg,0.016909122467041016,29,0,2
Img000396.jpg,0.01671600341796875,28,0,0
Img000137.jpg,0.015830278396606445,11,0,0
Img000509.jpg,0.016327857971191406,44,0,0
Img000735.jpg,0.015910863876342773,34,0,1
Img000426.jpg,0.01592421531677246,30,0,1
Img001170.jpg,0.017323970794677734,43,0,0
Img000949.jpg,0.016431570053100586,33,0,1
Img000030.jpg,0.016538619995117188,11,0,0
Img000347.jpg,0.016875028610229492,23,2,0
Img000919.jpg,0.016521215438842773,47,0,0
Img000695.jpg,0.017054080963134766,39,0,0
Img000606.jpg,0.016986608505249023,34,0,2
Img000601.jpg,0.0166780948638916,33,0,2
Img000210.jpg,0.016349315643310547,13,0,0
Img000009.jpg,0.016467571258544922,16,0,0
Img000317.jpg,0.016610145568847656,18,1,1
Img001063.jpg,0.01726675033569336,51,0,0
Img000763.jpg,0.016722440719604492,30,1,1
Img001055.jpg,0.017153501510620117,59,0,0
Img000701.jpg,0.01609063148498535,32,0,0
Img001031.jpg,0.01643514633178711,49,0,1
Img000064.jpg,0.017185211181640625,10,0,0
Img000200.jpg,0.015646696090698242,14,0,0
Img000539.jpg,0.017395973205566406,30,0,0
Img001107.jpg,0.018253087997436523,48,0,0
Img000972.jpg,0.015947341918945312,42,0,1
Img000535.jpg,0.016767501831054688,35,0,0
Img001109.jpg,0.01832294464111328,55,0,0
Img000941.jpg,0.016494274139404297,35,0,1
Img000130.jpg,0.017813682556152344,12,0,0
Img001057.jpg,0.017099380493164062,57,0,0
Img000872.jpg,0.016229867935180664,42,1,0
Img000736.jpg,0.016371965408325195,38,0,1
Img000714.jpg,0.01764392852783203,34,0,0
Img000588.jpg,0.016473770141601562,32,0,1
Img000740.jpg,0.016484737396240234,32,0,1
Img000446.jpg,0.016851186752319336,35,0,1
Img001102.jpg,0.016200542449951172,45,0,0
Img000297.jpg,0.01558232307434082,20,0,1
Img000269.jpg,0.01483011245727539,17,1,1
Img000722.jpg,0.015976667404174805,36,0,0
Img000084.jpg,0.01727128028869629,12,0,0
Img000636.jpg,0.01582169532775879,32,0,2
Img000690.jpg,0.01613759994506836,34,0,0
Img000128.jpg,0.01687788963317871,15,0,0
Img001021.jpg,0.016720294952392578,49,0,1
Img000878.jpg,0.016442060470581055,43,1,0
Img000420.jpg,0.016694068908691406,32,0,1
Img000536.jpg,0.016373872756958008,32,0,0
Img000152.jpg,0.015711069107055664,16,0,1
Img000444.jpg,0.016289472579956055,32,0,1
Img000187.jpg,0.016301631927490234,16,0,0
Img000234.jpg,0.01605987548828125,14,1,0
Img001123.jpg,0.01791524887084961,55,0,0
Img000964.jpg,0.017210721969604492,39,0,1
Img000573.jpg,0.01562666893005371,31,0,0
Img000392.jpg,0.017040491104125977,29,0,0
Img000702.jpg,0.015933513641357422,31,0,0
Img000631.jpg,0.015735149383544922,29,0,2
Img000694.jpg,0.017005443572998047,35,0,0
Img000732.jpg,0.016173601150512695,36,0,1
Img000860.jpg,0.016056060791015625,42,1,0
Img000135.jpg,0.01695704460144043,11,0,0
Img001066.jpg,0.016837596893310547,50,0,0
Img000655.jpg,0.015519142150878906,32,0,1
Img000085.jpg,0.01799464225769043,12,0,0
Img000028.jpg,0.015674352645874023,8,0,0
Img000935.jpg,0.016323328018188477,40,0,1
Img000545.jpg,0.017128944396972656,37,0,0
Img000954.jpg,0.016451597213745117,38,0,1
Img000261.jpg,0.016525745391845703,20,1,0
Img000174.jpg,0.015805721282958984,26,0,0
Img000955.jpg,0.016878128051757812,36,0,1
Img000266.jpg,0.016420841217041016,16,1,0
Img000739.jpg,0.018501996994018555,34,0,1
Img000750.jpg,0.0159454345703125,34,0,1
Img000966.jpg,0.01676464080810547,45,0,1
Img000470.jpg,0.01706695556640625,34,0,1
Img000873.jpg,0.015595674514770508,44,1,0
Img000465.jpg,0.01609325408935547,39,0,1
Img000000.jpg,0.017314434051513672,15,0,0
Img000475.jpg,0.017496347427368164,42,0,0
Img000820.jpg,0.015711545944213867,34,2,0
Img001026.jpg,0.016781091690063477,47,0,1
Img000837.jpg,0.016587257385253906,45,2,0
Img000562.jpg,0.017125368118286133,32,0,0
Img000298.jpg,0.019121885299682617,22,0,2
Img000077.jpg,0.015722990036010742,11,0,0
Img001032.jpg,0.020375728607177734,51,0,1
Img001054.jpg,0.015321969985961914,55,0,0
Img000249.jpg,0.01730823516845703,14,1,0
Img000973.jpg,0.01640796661376953,42,0,1
Img000943.jpg,0.0161590576171875,34,0,1
Img001004.jpg,0.01598954200744629,46,0,1
Img000871.jpg,0.017257213592529297,42,1,0
Img000402.jpg,0.015938758850097656,26,0,0
Img000652.jpg,0.015686750411987305,34,0,1
Img000959.jpg,0.017335891723632812,41,0,1
Img000443.jpg,0.01620960235595703,36,0,1
Img000478.jpg,0.01611018180847168,45,0,0
Img000033.jpg,0.016831636428833008,9,0,0
Img000523.jpg,0.016256332397460938,40,0,0
Img000015.jpg,0.015363931655883789,12,0,0
Img001015.jpg,0.015701770782470703,54,0,1
Img000686.jpg,0.016748905181884766,35,0,0
Img001037.jpg,0.016035079956054688,48,0,1
Img001210.jpg,0.016905546188354492,54,0,0
Img001040.jpg,0.017497539520263672,48,0,1
Img000548.jpg,0.015990734100341797,35,0,0
Img000996.jpg,0.017318248748779297,52,0,1
Img000486.jpg,0.01759791374206543,45,0,0
Img000599.jpg,0.015710115432739258,33,0,2
Img000528.jpg,0.017131328582763672,39,0,0
Img000621.jpg,0.0169219970703125,27,0,2
Img000492.jpg,0.017587900161743164,36,0,0
Img000951.jpg,0.016755342483520508,36,0,1
Img001160.jpg,0.01717376708984375,48,0,0
Img000268.jpg,0.017696380615234375,19,1,1
Img000823.jpg,0.015794992446899414,30,2,0
Img001065.jpg,0.01533198356628418,55,0,0
Img000138.jpg,0.015535831451416016,14,0,0
Img001017.jpg,0.017095088958740234,56,0,1
Img000459.jpg,0.0161895751953125,34,0,1
Img000659.jpg,0.016431331634521484,37,0,0
Img000171.jpg,0.016668319702148438,24,0,0
Img000533.jpg,0.01682138442993164,36,0,0
Img000503.jpg,0.016589641571044922,45,0,0
Img001103.jpg,0.01595330238342285,46,0,0
Img000333.jpg,0.01632547378540039,16,2,1
Img000329.jpg,0.015579938888549805,14,2,1
Img000923.jpg,0.016792774200439453,41,0,0
Img000676.jpg,0.01680445671081543,39,0,0
Img000663.jpg,0.016141891479492188,46,0,0
Img000832.jpg,0.01602625846862793,42,2,0
Img000790.jpg,0.016342878341674805,30,2,1
Img000664.jpg,0.01611495018005371,44,0,0
Img000647.jpg,0.016448259353637695,35,0,0
Img000311.jpg,0.015778779983520508,21,0,1
Img000469.jpg,0.015387296676635742,37,0,1
Img000413.jpg,0.017311811447143555,35,0,0
Img000791.jpg,0.015808582305908203,28,2,1
Img000343.jpg,0.015594244003295898,21,2,0
Img000894.jpg,0.01775503158569336,50,0,0
Img000803.jpg,0.016547679901123047,31,2,1
Img000752.jpg,0.016426563262939453,38,0,1
Img000505.jpg,0.017118215560913086,44,0,0
Img000419.jpg,0.01606297492980957,34,0,1
Img000901.jpg,0.016557931900024414,40,0,0
Img000359.jpg,0.016402482986450195,20,2,0
Img000995.jpg,0.01644134521484375,51,0,1
Img000142.jpg,0.01631784439086914,11,0,0
Img001096.jpg,0.017194509506225586,49,0,0
Img000711.jpg,0.015546560287475586,33,0,0
Img000908.jpg,0.016151905059814453,54,0,0
Img000280.jpg,0.01610279083251953,21,0,1
Img000581.jpg,0.015869140625,28,0,1
Img000331.jpg,0.015393257141113281,16,2,1
Img000457.jpg,0.01694941520690918,34,0,1
Img000050.jpg,0.016152620315551758,2,0,2
Img001190.jpg,0.01603245735168457,44,0,0
Img000451.jpg,0.016899585723876953,39,0,1
Img000169.jpg,0.01635146141052246,30,0,0
Img001168.jpg,0.01613593101501465,44,0,0
Img001038.jpg,0.01800990104675293,51,0,1
Img000284.jpg,0.015938282012939453,18,0,1
Img000017.jpg,0.015129566192626953,13,0,0
Img000307.jpg,0.01591014862060547,16,0,2
Img000247.jpg,0.01682591438293457,13,1,0
Img000831.jpg,0.01585102081298828,46,2,0
Img001100.jpg,0.01653265953063965,48,0,0
Img001093.jpg,0.01735997200012207,52,0,0
Img001094.jpg,0.016532182693481445,56,0,0
Img000216.jpg,0.017241954803466797,12,0,0
Img000672.jpg,0.018358469009399414,39,0,0
Img000630.jpg,0.015859603881835938,29,0,2
Img000869.jpg,0.0161590576171875,44,1,0
Img000896.jpg,0.016860485076904297,51,0,0
Img001079.jpg,0.01578211784362793,47,0,0
Img000068.jpg,0.0164186954498291,16,0,0
Img000906.jpg,0.01686239242553711,57,0,0
Img000212.jpg,0.015388965606689453,14,0,0
Img000062.jpg,0.01700615882873535,13,0,0
Img000299.jpg,0.016785383224487305,19,0,2
Img000395.jpg,0.01587653160095215,31,0,0
Img000857.jpg,0.01694655418395996,43,1,0
Img000818.jpg,0.01661372184753418,33,2,0
Img001184.jpg,0.015887975692749023,42,0,0
Img000306.jpg,0.01661372184753418,17,0,2
Img000400.jpg,0.017012357711791992,22,0,0
Img000884.jpg,0.016445636749267578,40,1,0
Img000157.jpg,0.016876220703125,19,0,1
Img000293.jpg,0.017791271209716797,18,0,2
Img001077.jpg,0.01601433753967285,55,0,0
Img000657.jpg,0.017713069915771484,33,0,1
Img000840.jpg,0.016207456588745117,43,2,0
Img000838.jpg,0.016860485076904297,43,2,0
Img000274.jpg,0.01693129539489746,18,0,1
Img000667.jpg,0.016356706619262695,36,0,0
Img000224.jpg,0.016043663024902344,13,0,0
Img000095.jpg,0.01684260368347168,12,0,0
Img000022.jpg,0.015861988067626953,13,0,0
Img000252.jpg,0.016179800033569336,16,1,0
Img000244.jpg,0.015769243240356445,11,1,0
Img000697.jpg,0.01761341094970703,36,0,0
Img000221.jpg,0.01653432846069336,13,0,0
Img000845.jpg,0.016131162643432617,44,2,0
Img000074.jpg,0.016859054565429688,11,0,0
Img000078.jpg,0.016007661819458008,13,0,0
Img000357.jpg,0.015878915786743164,22,2,0
Img000671.jpg,0.01637434959411621,39,0,0
Img000416.jpg,0.01604008674621582,32,0,0
Img000715.jpg,0.01607513427734375,32,0,0
Img000565.jpg,0.0181276798248291,30,0,0
Img000724.jpg,0.01619410514831543,32,0,1
Img000460.jpg,0.017459869384765625,32,0,1
Img000491.jpg,0.019193649291992188,40,0,0
Img000476.jpg,0.017377376556396484,47,0,0
Img001043.jpg,0.01730060577392578,52,0,1
Img000146.jpg,0.01712203025817871,12,0,0
Img000380.jpg,0.0162961483001709,25,0,0
Img001182.jpg,0.015811443328857422,45,0,0
Img000246.jpg,0.01609492301940918,12,1,0
Img001176.jpg,0.015765666961669922,46,0,0
Img000218.jpg,0.016614437103271484,12,0,0
Img000123.jpg,0.016361713409423828,13,0,0
Img000165.jpg,0.015953779220581055,26,0,0
Img000134.jpg,0.016003131866455078,10,0,0
Img000008.jpg,0.017232656478881836,15,0,0
Img000055.jpg,0.015630245208740234,7,0,0
Img001095.jpg,0.0162045955657959,53,0,0
Img000364.jpg,0.01709294319152832,25,1,0
Img000432.jpg,0.0161287784576416,32,0,1
Img000810.jpg,0.01604485511779785,31,2,1
Img000124.jpg,0.016097545623779297,15,0,0
Img000502.jpg,0.015646696090698242,46,0,0
Img000519.jpg,0.015735864639282227,37,0,0
Img000189.jpg,0.015956878662109375,17,0,0
Img000106.jpg,0.016877174377441406,15,0,0
Img000851.jpg,0.01662898063659668,46,2,0
Img000940.jpg,0.01659083366394043,40,0,1
Img000430.jpg,0.01628565788269043,30,0,0
Img000902.jpg,0.016359329223632812,44,0,0
Img000828.jpg,0.0164182186126709,33,2,0
Img000340.jpg,0.015842676162719727,17,2,0
Img001045.jpg,0.01613163948059082,51,0,1
Img000712.jpg,0.017933368682861328,32,0,0
Img001200.jpg,0.0164182186126709,49,0,0
Img000049.jpg,0.016369342803955078,1,0,2
Img000051.jpg,0.01593804359436035,3,0,2
Img000381.jpg,0.016562461853027344,35,0,0
Img000167.jpg,0.016582727432250977,31,0,0
Img000524.jpg,0.016022443771362305,37,0,0
Img000574.jpg,0.017496347427368164,33,0,0
Img000427.jpg,0.01644754409790039,30,0,1
Img001130.jpg,0.01636481285095215,46,0,0
Img001053.jpg,0.016895532608032227,58,0,1
Img000816.jpg,0.016321420669555664,29,2,1
Img000778.jpg,0.01602959632873535,32,1,1
Img000552.jpg,0.01673746109008789,36,0,0
Img000991.jpg,0.0164487361907959,42,0,1
Img000610.jpg,0.018599271774291992,28,0,2
Img000371.jpg,0.018677711486816406,34,0,0
Img000441.jpg,0.01562643051147461,35,0,1
Img001177.jpg,0.0166776180267334,44,0,0
Img001129.jpg,0.016234874725341797,43,0,0
Img000411.jpg,0.015649795532226562,32,0,0
Img001062.jpg,0.01709580421447754,54,0,0
Img000875.jpg,0.01621079444885254,46,1,0
Img000500.jpg,0.016332387924194336,47,0,0
Img000291.jpg,0.01813340187072754,18,0,2
Img001169.jpg,0.017377138137817383,48,0,0
Img000336.jpg,0.0163724422454834,16,2,0
Img001097.jpg,0.01680779457092285,49,0,0
Img000195.jpg,0.015076398849487305,12,0,0
Img000970.jpg,0.017179250717163086,43,0,1
Img000913.jpg,0.016605138778686523,44,0,0
Img000931.jpg,0.01624917984008789,40,0,0
Img000974.jpg,0.016318798065185547,46,0,1
Img000034.jpg,0.016820430755615234,7,1,0
Img000278.jpg,0.015770673751831055,20,0,1
Img000477.jpg,0.016141653060913086,46,0,0
Img001192.jpg,0.017066001892089844,50,0,0
Img000555.jpg,0.01515340805053711,38,0,0
Img000287.jpg,0.01559591293334961,20,0,2
Img000438.jpg,0.016077041625976562,38,0,1
Img000532.jpg,0.016810894012451172,39,0,0
Img000498.jpg,0.017007827758789062,47,0,0
Img000301.jpg,0.01610708236694336,16,0,2
Img000887.jpg,0.015596151351928711,47,1,0
Img000613.jpg,0.016957521438598633,31,0,2
Img000870.jpg,0.016747474670410156,43,1,0
Img000811.jpg,0.01748204231262207,29,2,1
Img001118.jpg,0.015849590301513672,47,0,0
Img000101.jpg,0.01586151123046875,16,0,0
Img000219.jpg,0.01547098159790039,15,0,0
Img000650.jpg,0.016135215759277344,35,0,1
Img000163.jpg,0.016188383102416992,28,0,0
Img000685.jpg,0.015981435775756836,37,0,0
Img000456.jpg,0.01651144027709961,35,0,1
Img000918.jpg,0.016892194747924805,48,0,0
Img001085.jpg,0.017670869827270508,45,0,0
Img000603.jpg,0.016677379608154297,32,0,2
Img000140.jpg,0.017039060592651367,9,0,0
Img000351.jpg,0.0180511474609375,27,2,0
Img000758.jpg,0.017660140991210938,34,0,1
Img001206.jpg,0.019884109497070312,55,0,0
Img000324.jpg,0.01685953140258789,14,2,1
Img000821.jpg,0.015984773635864258,25,2,0
Img000854.jpg,0.018491744995117188,46,1,0
Img000350.jpg,0.016460657119750977,24,2,0
Img000623.jpg,0.018156051635742188,28,0,2
Img000646.jpg,0.015703678131103516,36,0,1
Img000797.jpg,0.015535354614257812,33,2,1
Img000615.jpg,0.02155327796936035,29,0,2
Img000761.jpg,0.017627716064453125,31,1,1
Img001051.jpg,0.017377376556396484,54,0,0
Img001119.jpg,0.01596665382385254,50,0,0
Img000945.jpg,0.01685333251953125,32,0,1
Img000183.jpg,0.01697993278503418,15,0,0
Img000907.jpg,0.017287254333496094,55,0,0
Img001126.jpg,0.01788926124572754,50,0,0
Img000461.jpg,0.016263246536254883,32,0,1
Img000796.jpg,0.01654958724975586,33,2,1
Img000777.jpg,0.018871784210205078,35,1,1
Img000540.jpg,0.01663041114807129,36,0,0
Img000799.jpg,0.01648879051208496,39,2,1
Img000912.jpg,0.016795635223388672,47,0,0
Img001172.jpg,0.01615428924560547,41,0,0
Img000958.jpg,0.015993118286132812,42,0,1
Img000511.jpg,0.016925334930419922,39,0,0
Img000122.jpg,0.01621079444885254,15,0,0
Img000495.jpg,0.016664743423461914,55,0,0
Img000745.jpg,0.01853489875793457,31,0,1
Img000916.jpg,0.017323970794677734,48,0,0
Img000003.jpg,0.016036510467529297,16,0,0
Img000939.jpg,0.017080068588256836,40,0,1
Img000424.jpg,0.0158388614654541,32,0,1
Img000227.jpg,0.015697956085205078,13,0,0
Img000241.jpg,0.01620936393737793,14,1,0
Img000442.jpg,0.016138315200805664,35,0,1
Img000754.jpg,0.0153961181640625,42,0,1
Img000434.jpg,0.01723504066467285,33,0,1
Img000848.jpg,0.01713848114013672,42,2,0
Img001033.jpg,0.016016483306884766,55,0,1
Img001145.jpg,0.01708817481994629,46,0,0
Img001136.jpg,0.015720367431640625,52,0,0
Img001076.jpg,0.0173642635345459,51,0,0
Img000232.jpg,0.0154876708984375,12,1,0
Img000890.jpg,0.01682758331298828,47,0,0
Img000520.jpg,0.015885591506958008,40,0,0
Img001114.jpg,0.0165407657623291,52,0,0
Img000129.jpg,0.016653060913085938,16,0,0
Img000188.jpg,0.01804208755493164,21,0,0
Img001106.jpg,0.018225908279418945,51,0,0
Img000863.jpg,0.016381025314331055,43,1,0
Img000054.jpg,0.015898942947387695,9,0,1
Img001028.jpg,0.017061471939086914,50,0,1
Img000597.jpg,0.016431093215942383,31,0,2
Img000206.jpg,0.015770435333251953,17,0,0
Img000616.jpg,0.017261028289794922,26,0,2
Img000294.jpg,0.015732288360595703,19,0,2
Img000942.jpg,0.01702427864074707,35,0,1
Img000489.jpg,0.01659846305847168,39,0,0
Img000007.jpg,0.016274213790893555,17,0,0
Img000186.jpg,0.01573467254638672,18,0,0
Img000731.jpg,0.016232013702392578,37,0,1
Img001194.jpg,0.016958236694335938,45,0,0
Img000625.jpg,0.01649332046508789,22,0,2
Img000194.jpg,0.01602649688720703,14,0,0
Img000882.jpg,0.01666116714477539,41,1,0
Img000842.jpg,0.01710057258605957,49,2,0
Img000428.jpg,0.017287492752075195,31,0,0
Img000909.jpg,0.016422271728515625,49,0,0
Img000265.jpg,0.01592731475830078,17,1,0
Img000856.jpg,0.016635894775390625,46,1,0
Img000614.jpg,0.01583123207092285,30,0,2
Img000749.jpg,0.016005516052246094,35,0,1
Img000448.jpg,0.016456127166748047,34,0,1
Img000425.jpg,0.01656818389892578,31,0,1
Img001166.jpg,0.017197132110595703,46,0,0
Img000235.jpg,0.016344070434570312,14,1,0
Img000203.jpg,0.017630815505981445,15,0,0
Img001124.jpg,0.016460418701171875,49,0,0
Img000950.jpg,0.01756572723388672,35,0,1
Img000543.jpg,0.01662468910217285,30,0,0
Img000591.jpg,0.015976428985595703,26,0,2
Img000175.jpg,0.016676664352416992,22,0,0
Img000048.jpg,0.015158653259277344,0,0,2
Img000846.jpg,0.015811681747436523,48,2,0
Img000201.jpg,0.017102956771850586,15,0,0
Img000387.jpg,0.01732659339904785,31,0,0
Img000295.jpg,0.016823768615722656,19,0,2
Img000376.jpg,0.01903557777404785,32,0,0
Img001174.jpg,0.0167996883392334,42,0,0
Img000196.jpg,0.017545700073242188,15,0,0
Img000288.jpg,0.019399404525756836,16,0,2
Img000179.jpg,0.017431020736694336,22,0,0
Img000928.jpg,0.017287254333496094,45,0,0
Img000944.jpg,0.018398761749267578,32,0,1
Img000946.jpg,0.01723194122314453,31,0,1
Img000346.jpg,0.0174410343170166,25,2,0
Img000977.jpg,0.016634464263916016,42,0,1
Img000679.jpg,0.017156362533569336,39,0,0
Img000258.jpg,0.018331527709960938,23,1,0
Img000153.jpg,0.0160520076751709,17,0,1
Img000744.jpg,0.01639080047607422,33,0,1
Img000967.jpg,0.017454147338867188,42,0,1
Img000332.jpg,0.016435861587524414,17,2,1
Img000839.jpg,0.016219615936279297,41,2,0
Img000322.jpg,0.01673603057861328,16,2,1
Img000589.jpg,0.01740550994873047,27,0,1
Img000449.jpg,0.016102313995361328,46,0,1
Img000209.jpg,0.017362594604492188,12,0,0
Img000843.jpg,0.016878604888916016,40,2,0
Img000076.jpg,0.015650510787963867,14,0,0
Img001046.jpg,0.017008304595947266,54,0,1
Img000743.jpg,0.018096923828125,33,0,1
Img000075.jpg,0.015986919403076172,12,0,0
Img000058.jpg,0.016211748123168945,11,0,0
Img001142.jpg,0.017151832580566406,50,0,0
Img000866.jpg,0.015676259994506836,40,1,0
Img001189.jpg,0.017067432403564453,43,0,0
Img000982.jpg,0.01729607582092285,43,0,1
Img000001.jpg,0.015718460083007812,16,0,0
Img000651.jpg,0.016663789749145508,35,0,1
Img000399.jpg,0.01672530174255371,30,0,0
Img000737.jpg,0.01622772216796875,35,0,1
Img000827.jpg,0.016901254653930664,36,2,0
Img000285.jpg,0.01698160171508789,20,0,2
Img000947.jpg,0.01599884033203125,32,0,1
Img000181.jpg,0.017527103424072266,21,0,0
Img000091.jpg,0.01638197898864746,14,0,0
Img000136.jpg,0.015841245651245117,11,0,0
Img000363.jpg,0.017027616500854492,23,1,0
Img000804.jpg,0.020341157913208008,31,2,1
Img000468.jpg,0.016735315322875977,33,0,1
Img000654.jpg,0.016737937927246094,31,0,1
Img001064.jpg,0.0164639949798584,56,0,0
Img000584.jpg,0.015724658966064453,30,0,1
Img000408.jpg,0.015194177627563477,36,0,0
Img000786.jpg,0.015682220458984375,33,2,1
Img001196.jpg,0.017847776412963867,48,0,0
Img001162.jpg,0.01677393913269043,47,0,0
Img000348.jpg,0.01673603057861328,24,2,0
Img001127.jpg,0.017651796340942383,47,0,0
Img001020.jpg,0.017167091369628906,50,0,1
Img000229.jpg,0.015923500061035156,12,0,0
Img000445.jpg,0.01750969886779785,38,0,1
Img000312.jpg,0.016075611114501953,16,0,2
Img000620.jpg,0.016989469528198242,25,0,2
Img000479.jpg,0.016447782516479492,43,0,0
Img001132.jpg,0.01656317710876465,40,0,0
Img000922.jpg,0.016789913177490234,46,0,0
Img000980.jpg,0.0167388916015625,41,0,1
Img000383.jpg,0.016341686248779297,31,0,0
Img000184.jpg,0.015285730361938477,15,0,0
Img000388.jpg,0.015598297119140625,34,0,0
Img000638.jpg,0.016051292419433594,31,0,2
Img001036.jpg,0.0157625675201416,55,0,1
Img000292.jpg,0.014951229095458984,20,0,2
Img001203.jpg,0.017130136489868164,56,0,0
Img000921.jpg,0.016956567764282227,41,0,0
Img000656.jpg,0.01819586753845215,32,0,1
Img000598.jpg,0.017421722412109375,33,0,2
Img001029.jpg,0.018532991409301758,51,0,1
Img000024.jpg,0.016767501831054688,9,0,0
Img000217.jpg,0.014864444732666016,13,0,0
Img000205.jpg,0.017535686492919922,14,0,0
Img000096.jpg,0.016768932342529297,11,0,0
Img000880.jpg,0.016302108764648438,41,1,0
Img000082.jpg,0.016130924224853516,10,0,0
Img000886.jpg,0.017035484313964844,47,1,0
Img000541.jpg,0.0160825252532959,28,0,0
Img001019.jpg,0.016025543212890625,58,0,1
Img000105.jpg,0.016553401947021484,18,0,0
Img001110.jpg,0.01572561264038086,56,0,0
Img001070.jpg,0.017409324645996094,52,0,0
Img000794.jpg,0.01608729362487793,36,2,1
Img001087.jpg,0.016351938247680664,52,0,0
Img000742.jpg,0.017693042755126953,37,0,1
Img000482.jpg,0.016052722930908203,40,0,0
Img000487.jpg,0.016069650650024414,42,0,0
Img000903.jpg,0.016779422760009766,48,0,0
Img001018.jpg,0.017067670822143555,53,0,1
Img000161.jpg,0.015387296676635742,27,0,1
Img000454.jpg,0.016957759857177734,39,0,1
Img000849.jpg,0.016428709030151367,48,2,0
Img000226.jpg,0.015326261520385742,14,0,0
Img000097.jpg,0.016768693923950195,15,0,0
Img000497.jpg,0.01646876335144043,50,0,0
Img000897.jpg,0.016469240188598633,43,0,0
Img000245.jpg,0.016402721405029297,12,1,0
Img000316.jpg,0.016402006149291992,19,1,1
Img001009.jpg,0.015596628189086914,45,0,1
Img001204.jpg,0.01754903793334961,61,0,0
Img000290.jpg,0.016886234283447266,19,0,2
Img000089.jpg,0.017592191696166992,10,0,0
Img000570.jpg,0.016318559646606445,30,0,0
Img000713.jpg,0.01563096046447754,32,0,0
Img001014.jpg,0.017459392547607422,55,0,1
Img000018.jpg,0.01694655418395996,11,0,0
Img001042.jpg,0.01748061180114746,54,0,1
Img000971.jpg,0.01847672462463379,43,0,1
Img000766.jpg,0.017330646514892578,23,1,1
Img000053.jpg,0.01580953598022461,6,0,1
Img001212.jpg,0.016763687133789062,55,0,0
Img000103.jpg,0.01571512222290039,18,0,0
Img000551.jpg,0.015784025192260742,35,0,0
Img000877.jpg,0.016207218170166016,41,1,0
Img001080.jpg,0.01644730567932129,46,0,0
Img001207.jpg,0.01582646369934082,52,0,0
Img001117.jpg,0.01623702049255371,46,0,0
Img000634.jpg,0.02157115936279297,34,0,2
Img000691.jpg,0.015781164169311523,35,0,0
Img000192.jpg,0.01683831214904785,14,0,0
Img000010.jpg,0.016872882843017578,14,0,0
Img000929.jpg,0.0156252384185791,50,0,0
Img000172.jpg,0.015796184539794922,28,0,0
Img000029.jpg,0.015541791915893555,8,0,0
Img000238.jpg,0.01596856117248535,16,1,0
Img000421.jpg,0.016251087188720703,31,0,1
Img000572.jpg,0.015778303146362305,30,0,0
Img000596.jpg,0.016099929809570312,33,0,2
Img000747.jpg,0.018238544464111328,37,0,1
Img000313.jpg,0.015895366668701172,18,0,1
Img001074.jpg,0.01638197898864746,59,0,0
Img000661.jpg,0.017325162887573242,42,0,0
Img000771.jpg,0.015909194946289062,33,1,1
Img000557.jpg,0.016335725784301758,37,0,0
Img000710.jpg,0.016344785690307617,32,0,0
Img001195.jpg,0.016425371170043945,49,0,0
Img000668.jpg,0.015729665756225586,39,0,0
Img000362.jpg,0.017699718475341797,24,1,0
Img001139.jpg,0.01641249656677246,50,0,0
Img000366.jpg,0.015434741973876953,29,1,0
Img000612.jpg,0.015608072280883789,34,0,2
Img000215.jpg,0.016196012496948242,13,0,0
Img000782.jpg,0.01669168472290039,34,2,1
Img000070.jpg,0.015631437301635742,13,0,0
Img000755.jpg,0.01624441146850586,34,0,1
Img000303.jpg,0.016528606414794922,23,0,2
Img000680.jpg,0.016449928283691406,37,0,0
Img000361.jpg,0.01733875274658203,21,2,0
Img000450.jpg,0.016358613967895508,37,0,1
Img001104.jpg,0.01635456085205078,46,0,0
Img000669.jpg,0.016756296157836914,37,0,0
Img000132.jpg,0.01709723472595215,10,0,0
Img000675.jpg,0.017145633697509766,36,0,0
Img000792.jpg,0.016101598739624023,31,2,1
Img000004.jpg,0.015668392181396484,15,0,0
Img000302.jpg,0.016016483306884766,16,0,2
Img001056.jpg,0.01721644401550293,61,0,0
Img000429.jpg,0.016175508499145508,28,0,1
Img000531.jpg,0.016727924346923828,47,0,0
Img000917.jpg,0.01738142967224121,48,0,0
Img000748.jpg,0.016736745834350586,32,0,1
Img000368.jpg,0.016046762466430664,30,0,0
Img000407.jpg,0.017106056213378906,30,0,0
Img000547.jpg,0.016718149185180664,36,0,0
Img000382.jpg,0.016568899154663086,30,0,0
Img000969.jpg,0.01765131950378418,43,0,1
Img000370.jpg,0.01586318016052246,34,0,0
Img000066.jpg,0.016037464141845703,13,0,0
Img000802.jpg,0.016259193420410156,31,2,1
Img000801.jpg,0.0166318416595459,32,2,1
Img000729.jpg,0.01543569564819336,32,0,1
Img000282.jpg,0.0178983211517334,21,0,1
Img000059.jpg,0.016294479370117188,12,0,0
Img000255.jpg,0.016267776489257812,18,1,0
Img000859.jpg,0.01755499839782715,46,1,0
Img000618.jpg,0.01616048812866211,25,0,2
Img000798.jpg,0.01588273048400879,33,2,1
Img000485.jpg,0.01735687255859375,42,0,0
Img000242.jpg,0.0163424015045166,11,1,0
Img000116.jpg,0.015195369720458984,12,0,0
Img000047.jpg,0.01639103889465332,2,0,3
Img000525.jpg,0.016555070877075195,37,0,0
Img000484.jpg,0.016505718231201172,44,0,0
Img001059.jpg,0.017586231231689453,58,0,0
Img000706.jpg,0.016166210174560547,33,0,0
Img000874.jpg,0.016182661056518555,43,1,0
Img001159.jpg,0.01812267303466797,45,0,0
Img001157.jpg,0.016726255416870117,52,0,0
Img000746.jpg,0.015375852584838867,36,0,1
Img000041.jpg,0.01724720001220703,3,1,1
Img000567.jpg,0.01577448844909668,26,0,0
Img000118.jpg,0.015306234359741211,14,0,0
Img000349.jpg,0.017308712005615234,25,2,0
Img000040.jpg,0.015560626983642578,3,1,1
Img000677.jpg,0.01724553108215332,39,0,0
Img000236.jpg,0.01655292510986328,14,1,0
Img000148.jpg,0.017003774642944336,14,0,1
Img000813.jpg,0.015688180923461914,29,2,1
Img000518.jpg,0.01706838607788086,37,0,0
Img000957.jpg,0.01612234115600586,42,0,1
Img000162.jpg,0.016031503677368164,29,0,1
Img000753.jpg,0.016035079956054688,38,0,1
Img000507.jpg,0.016378402709960938,50,0,0
Img000202.jpg,0.016010522842407227,14,0,0
Img001197.jpg,0.01592564582824707,48,0,0
Img000976.jpg,0.017478227615356445,39,0,1
Img000061.jpg,0.01497507095336914,12,0,0
Img000088.jpg,0.015498161315917969,10,0,0
Img000453.jpg,0.01674485206604004,38,0,1
Img000807.jpg,0.016061067581176758,29,2,1
Img000560.jpg,0.016617298126220703,34,0,0
Img000776.jpg,0.015705585479736328,32,1,1
Img000727.jpg,0.01646709442138672,39,0,1
Img001003.jpg,0.01835155487060547,46,0,1
Img000046.jpg,0.017827272415161133,2,0,3
Img000774.jpg,0.016846656799316406,33,1,1
Img000213.jpg,0.016382455825805664,14,0,0
Img000611.jpg,0.01638007164001465,29,0,2
Img000698.jpg,0.015215873718261719,34,0,0
Img000867.jpg,0.016131162643432617,41,1,0
Img000847.jpg,0.015866756439208984,48,2,0
Img000352.jpg,0.015727996826171875,28,2,0
Img000409.jpg,0.015576362609863281,32,0,0
Img001060.jpg,0.015542984008789062,58,0,0
Img000639.jpg,0.017076492309570312,31,0,2
Img001024.jpg,0.01614546775817871,47,0,1
Img000002.jpg,0.015462636947631836,16,0,0
Img001165.jpg,0.017458200454711914,51,0,0
Img000045.jpg,0.016168594360351562,2,0,2
Img000693.jpg,0.015851736068725586,35,0,0
Img001151.jpg,0.01681208610534668,50,0,0
Img000014.jpg,0.01714324951171875,12,0,0
Img000836.jpg,0.016032695770263672,44,2,0
Img000389.jpg,0.016434907913208008,35,0,0
Img000607.jpg,0.01833796501159668,27,0,2
Img000483.jpg,0.019827842712402344,42,0,0
Img000566.jpg,0.01614212989807129,31,0,0
Img000315.jpg,0.016287565231323242,19,0,1
Img001002.jpg,0.01883673667907715,48,0,1
Img001187.jpg,0.017282485961914062,36,0,0
Img001005.jpg,0.017492055892944336,52,0,1
Img000822.jpg,0.016071796417236328,25,2,0
Img000044.jpg,0.01886272430419922,1,0,2
Img001147.jpg,0.019112586975097656,51,0,0
Img000900.jpg,0.017209529876708984,50,0,0
Img001209.jpg,0.017571449279785156,53,0,0
Img000264.jpg,0.016759872436523438,20,1,0
Img000506.jpg,0.018044710159301758,40,0,0
Img000968.jpg,0.016187667846679688,44,0,1
Img000883.jpg,0.017326831817626953,42,1,0
Img000308.jpg,0.01601099967956543,19,0,2
Img000501.jpg,0.01657891273498535,46,0,0
Img000779.jpg,0.01877593994140625,34,1,1
Img000005.jpg,0.01623678207397461,16,0,0
Img000587.jpg,0.016815185546875,28,0,1
Img000730.jpg,0.015790224075317383,34,0,1
Img001012.jpg,0.016508817672729492,46,0,1
Img000300.jpg,0.016104936599731445,14,0,2
Img000579.jpg,0.017677783966064453,29,0,1
Img000263.jpg,0.01568770408630371,22,1,0
Img000032.jpg,0.01544046401977539,6,0,0
Img000119.jpg,0.016403913497924805,16,0,0
Img000464.jpg,0.01661849021911621,34,0,1
Img000463.jpg,0.01619410514831543,38,0,1
Img000516.jpg,0.01638174057006836,37,0,0
Img000963.jpg,0.015941619873046875,38,0,1
Img000435.jpg,0.015974998474121094,34,0,1
Img000417.jpg,0.016104698181152344,33,0,0
Img000569.jpg,0.017231464385986328,34,0,0
Img000087.jpg,0.015681982040405273,9,0,0
Img000920.jpg,0.016124725341796875,40,0,0
Img000858.jpg,0.017618894577026367,44,1,0
Img000604.jpg,0.016329050064086914,33,0,2
Img000063.jpg,0.01557016372680664,12,0,0
Img000151.jpg,0.01658797264099121,16,0,1
Img000905.jpg,0.016445636749267578,60,0,0
Img000107.jpg,0.016110658645629883,14,0,0
Img000231.jpg,0.016704082489013672,12,1,0
Img001152.jpg,0.016570329666137695,46,0,0
Img000390.jpg,0.01571488380432129,27,0,0
Img000499.jpg,0.019053220748901367,46,0,0
Img000726.jpg,0.01665329933166504,34,0,1
Img000723.jpg,0.017319202423095703,38,0,1
Img000844.jpg,0.015855073928833008,41,2,0
Img000019.jpg,0.015457630157470703,13,0,0
Img000314.jpg,0.017282724380493164,17,0,1
Img000250.jpg,0.01545262336730957,13,1,0
Img000558.jpg,0.015583276748657227,38,0,0
Img000037.jpg,0.016483783721923828,5,1,1
Img000230.jpg,0.017007827758789062,11,0,0
Img001158.jpg,0.01598381996154785,47,0,0
Img000126.jpg,0.016061067581176758,15,0,0
Img000628.jpg,0.016192197799682617,23,0,2
Img000073.jpg,0.01646900177001953,11,0,0
Img000770.jpg,0.016900062561035156,32,1,1
Img000440.jpg,0.015779733657836914,35,0,1
Img000042.jpg,0.015434741973876953,3,1,1
Img000462.jpg,0.016800642013549805,34,0,1
Img000098.jpg,0.015659570693969727,17,0,0
Img000262.jpg,0.015707969665527344,18,1,0
Img000372.jpg,0.01572275161743164,37,0,0
Img001052.jpg,0.017304658889770508,60,0,1
Img000222.jpg,0.01593947410583496,13,0,0
Img000765.jpg,0.01636505126953125,23,1,1
Img000149.jpg,0.016096115112304688,12,0,1
Img001105.jpg,0.016659975051879883,50,0,0
Img000208.jpg,0.015848159790039062,13,0,0
Img000934.jpg,0.016835451126098633,40,0,0
Img001101.jpg,0.01566767692565918,45,0,0
Img001075.jpg,0.016548633575439453,55,0,0
Img001211.jpg,0.016127586364746094,51,0,0
Img000147.jpg,0.016100406646728516,15,0,0
Img000911.jpg,0.016144275665283203,47,0,0
Img000632.jpg,0.016695261001586914,31,0,2
Img000768.jpg,0.015777111053466797,27,1,1
Img000100.jpg,0.016431093215942383,16,0,0
Img000586.jpg,0.01632857322692871,29,0,1
Img000670.jpg,0.016325712203979492,40,0,0
Img000814.jpg,0.016132116317749023,32,2,1
Img000643.jpg,0.015830039978027344,32,0,2
Img000472.jpg,0.01618218421936035,42,0,0
Img000281.jpg,0.01655721664428711,22,0,1
Img000057.jpg,0.015309572219848633,9,0,0
Img000733.jpg,0.016419410705566406,34,0,1
Img001116.jpg,0.016762733459472656,46,0,0
Img000090.jpg,0.015221595764160156,11,0,0
Img000079.jpg,0.018033742904663086,15,0,0
Img000981.jpg,0.01626110076904297,45,0,1
Img000345.jpg,0.01540684700012207,20,2,0
Img001202.jpg,0.016635894775390625,50,0,0
Img001137.jpg,0.01721787452697754,54,0,0
Img001098.jpg,0.016532182693481445,45,0,0
Img000806.jpg,0.017121076583862305,28,2,1
Img000039.jpg,0.017372846603393555,3,1,1
Img000304.jpg,0.015953779220581055,18,0,2
Img001010.jpg,0.016878843307495117,47,0,1
Img001071.jpg,0.016504287719726562,53,0,0
Img000642.jpg,0.015408039093017578,31,0,2
Img000081.jpg,0.01592254638671875,12,0,0
